Message,Category,Urgency
"The street light outside my house on Cedar Avenue has been flickering for over three weeks now, creating not only a nuisance at night but also a safety concern for pedestrians. It would be great if this could be fixed to avoid any potential accidents.","Highways, traffic and parking",3
"The garbage collection in our neighborhood has been missed for the second consecutive week. The overflowing bins are causing a health hazard and attracting rodents, which is concerning for the residents.","Environment, planning, parks, cemeteries and waste",4
"There is a large pothole developing on the main road near the local school, which is extremely dangerous for the commuting school buses. The hole seems to be getting worse with the recent rains and needs urgent attention.","Highways, traffic and parking",5
"Our heating system in the council housing on Spruce Street has been malfunctioning since last Tuesday. It's becoming unbearable, especially for the elderly, and we urgently need repairs as the temperature continues to drop.",Housing,5
"A significant tree limb has fallen and is now obstructing the pathway on West Elm Street. This blockage forces pedestrians to step onto the road to get around it, which could lead to dangerous situations with the traffic.","Environment, planning, parks, cemeteries and waste",3
"The lighting in the public library's main reading room is insufficient and makes it difficult for patrons to read comfortably. It has been this way for a few months, and many of us hope it can be improved to enhance our reading experience.","Sports, leisure and libraries",2
Several street signs at the corner of Pine and Orchard have been knocked down likely due to the recent storms. This has led to some confusion and near misses as drivers do not know which way to yield.,"Highways, traffic and parking",3
"There has been a series of disturbances from the new nightclub on Baker Street. Loud music and shouting can be heard well into the early morning hours, disrupting the sleep of many residents in the area.",Business,4
Recent weeks have seen an increase in graffiti and vandalism around the local community center on Maple Road. This issue appears to be ignored by the local authorities and needs to be addressed to maintain the community's safety and aesthetics.,Community safety,3
"I submitted an application for council tax relief three weeks ago and have not yet received any update on the process. The lack of communication is troubling, and I need some assurance that my application is being processed.",Council Tax and benefits,2
"Residents of the Cherry Grove estate are facing continuous disruptions due to ongoing roadworks which seem to have no end. The noise and dust from the construction are affecting our daily lives, and we seek clarity on when this will finally be resolved.","Highways, traffic and parking",2
The lack of adequate child play areas in our district is becoming a concern for many parents. The few available spaces are either poorly maintained or not safe for children. It's crucial for the community's wellbeing that these facilities be improved.,Children's services,3
The newly installed benches in Riverside Park are already showing signs of wear and tearâ€”possibly due to poor material choice or vandalism. This needs to be addressed to maintain the area's appeal and safety.,"Environment, planning, parks, cemeteries and waste",2
"There is a water leak on the corner of 8th and Main that has been worsening over the last few days. It's causing a small flood on the roadway, which could potentially freeze and lead to dangerous driving conditions.","Highways, traffic and parking",4
I've noticed a significant increase in rats around the public trash bins on 3rd Avenue. More frequent trash collection or better-sealed bins might solve this public health issue.,"Environment, planning, parks, cemeteries and waste",4
"The crosswalk signals at the intersection of Pine and Elm are malfunctioning, with the walk signal not activating. This poses a risk to pedestrians, especially school children.","Highways, traffic and parking",5
"Residents near the downtown construction site have been experiencing almost constant noise, even late at night. Can anything be done to ensure that the construction adheres to the noise regulations?",Community safety,4
The public toilets in Highland Park have been out of service for over two weeks. This is particularly inconvenient for families with small children and the elderly.,"Environment, planning, parks, cemeteries and waste",3
"There's a growing number of potholes on Broadway near the mall, which are deep enough to cause damage to vehicles. This issue has been reported several times but no action has been taken yet.","Highways, traffic and parking",4
The new traffic light timings on Orchard Road are causing significant morning traffic jams that haven't been seen before. A review of the traffic light sequences might help.,"Highways, traffic and parking",3
"Several street lamps along Willow Road are out, making the street very dark and unsafe at night. This is particularly concerning for those who come home late from work.",Community safety,4
"The fence surrounding the local dog park has been damaged, potentially allowing dogs to escape onto busy roads nearby. Immediate repairs are necessary to ensure pet safety.","Environment, planning, parks, cemeteries and waste",4
Air quality around the industrial area has deteriorated markedly over the past few months. Residents are concerned about potential health effects and would appreciate an environmental inspection.,"Environment, planning, parks, cemeteries and waste",4
The summer reading program advertised by the local library has been repeatedly cancelled without notice. We need reliable scheduling or better communication from the library management.,"Sports, leisure and libraries",2
"A large swarm of bees has made a nest right in the public square, making it dangerous for allergic individuals. Can a beekeeper be arranged to safely relocate them?",Community safety,4
The basketball court near the community center has broken hoops and cracked pavement. It's become dangerous for the kids to play on. When can we expect maintenance?,"Sports, leisure and libraries",3
"Water pressure in the Northgate area has been notably low, affecting daily chores and business operations. Can this be looked into as soon as possible?",Housing,3
"The local bus stops don't have adequate seating or cover, making it difficult during bad weather. Better facilities at these stops would be appreciated.","Sports, leisure and libraries",2
"The annual street fair was poorly organized this year, with little to no accessibility provisions for disabled attendees. Future events must consider inclusivity more thoroughly.","Sports, leisure and libraries",2
Repeated complaints about noisy neighbours in the Springfield apartment complex have not been addressed. The situation is disturbing the peace of many residents.,Housing,4
Street artists and vendors have been obstructing pedestrian traffic in the main square. Can regulations be enforced to ensure walkways remain clear?,Community safety,3
The local war memorial has been vandalized with graffiti. This disrespectful act needs to be cleaned up and prevented in the future.,Community safety,4
Many of the vending machines in city buildings are either faulty or poorly stocked. This is inconvenient for visitors and staff working in these buildings.,"Sports, leisure and libraries",2
"The heating in the municipal building has been inadequate, causing discomfort for both employees and visitors. It's becoming a real issue during the cold season.",Housing,3
The lack of proper signage in Eastwood Park has led to several visitors getting lost. Updating the park maps and signage would greatly enhance the visitor experience.,"Environment, planning, parks, cemeteries and waste",2
"Antisocial behavior in the central plaza is on the rise, particularly in the evenings. Increased patrols or surveillance might be necessary to curb this activity.",Community safety,3
"Children's play area in Tudor Park is in a state of disrepair, with several pieces of equipment now unsafe. This needs urgent attention for the safety of our children.",Children's services,5
"The escalators at the central train station have been out of order for over a month, causing significant inconvenience, especially for elderly commuters and those with disabilities.","Highways, traffic and parking",4
Complaints about stray animals in residential areas are increasing. Perhaps it's time to consider a more proactive approach to animal control.,Community safety,3
Elderly residents have reported difficulty accessing the new digital system introduced for council tax payments. Some assistance or a more user-friendly interface would be helpful.,Council Tax and benefits,3
The recent redesign of the local council website has made it harder to find information on waste disposal schedules. This information needs to be more accessible.,"Communications, customer services or committees",3
"Parking enforcement in downtown areas seems overly aggressive recently, with many residents and visitors receiving fines. Perhaps a review of parking policies is in order.","Highways, traffic and parking",2
"Feedback on the effectiveness of the newly introduced bike lanes has been mostly negative, with cyclists feeling unsafe. A re-evaluation of the layout might be necessary.","Highways, traffic and parking",3
"The volunteer program coordinated by the city council lacks sufficient support and resources, making it difficult for local organizations to benefit from community help.",Children's services,2
Increased littering at the local beach has not been addressed despite multiple complaints. More bins and regular cleanup could solve this issue.,"Environment, planning, parks, cemeteries and waste",3
"The sound system used during city council meetings is often malfunctioning, leading to frustration among attendees who can't hear the proceedings.","Communications, customer services or committees",2
"There has been a noticeable decline in the quality of tap water in the west district, with a strange taste and discoloration reported by residents.",Housing,4
"Recent tax increases have not been clearly explained to the residents, leading to widespread confusion and dissatisfaction.",Council Tax and benefits,3
"There are no sufficient measures in place to handle the snow during the winter months on Main Street, leading to slippery conditions and potential accidents.","Highways, traffic and parking",4
Pet owners in the city have expressed the need for more off-leash areas as current provisions are inadequate to meet demand.,"Environment, planning, parks, cemeteries and waste",2
"The lack of diversity in city-employed staff has been a topic of discussion in community meetings, suggesting a need for more inclusive hiring practices.",GLLaB (Greenwich Local Labour and Business),3
"The decrease in funding for local arts programs has led to a reduction in cultural activities available to the public, diminishing the community's vibrancy.","Sports, leisure and libraries",1
"Many of our street trees have been severely pruned, leaving them unsightly and potentially at risk for disease. Can the city ensure proper arboricultural practices are followed?","Environment, planning, parks, cemeteries and waste",3
"The swings at Central Park have been broken for months now, with no signs of repairs. This is a beloved area for many families in the community.",Children's services,4
"There is a continual leakage from the water main in front of my property on Grove Street. This issue has been ongoing for weeks, and no repair crews have been sighted.","Highways, traffic and parking",4
"Since the opening of the new supermarket, there has been a significant increase in litter in the surrounding areas. More bins and regular garbage collection are needed.","Environment, planning, parks, cemeteries and waste",3
"The condition of the public tennis courts in Johnson's Field is deplorable, with many cracks and uneven surfaces. These facilities are in urgent need of renovation.","Sports, leisure and libraries",4
"The parking meters on Duke Street are often out of service, causing confusion and potential penalties for drivers.","Highways, traffic and parking",3
"Recently, the bus service to the suburban areas has been reduced significantly, causing inconvenience for daily commuters like myself who rely on public transportation.","Highways, traffic and parking",4
"Our neighborhood has seen an increase in stray dogs. This situation is worrying, particularly for parents of young children.",Community safety,3
"The playground equipment in Maple Park is outdated and, in some cases, dangerous. An upgrade is desperately needed to ensure the safety of our children.",Children's services,5
There has been a noticeable increase in aggressive solicitation near the subway entrance on 5th and Main. Some form of intervention is required to maintain public safety.,Community safety,4
The local museum's reduced hours have limited educational opportunities for students and residents. Can anything be done to return to the previous operating hours?,"Sports, leisure and libraries",2
"I'm concerned about the poor condition of the roads after the winter snow. Many large potholes have developed, making driving hazardous, especially on Main Street.","Highways, traffic and parking",4
The lack of adequate street lighting on Oak Lane has made it a target for thefts and muggings in the evening. Improved lighting is needed to enhance community safety.,Community safety,4
There has been an unpleasant smell emanating from the storm drains in our neighborhood. It seems there may be a blockage or other issue.,"Environment, planning, parks, cemeteries and waste",3
"The newly renovated city hall lacks sufficient wheelchair access. As a wheelchair user, I find this oversight in city planning unacceptable.",Council Tax and benefits,5
"The recent policy change regarding public park usage has not been well communicated. Many residents are unaware of the new regulations, leading to confusion and non-compliance.","Communications, customer services or committees",2
Excessive noise from nighttime roadworks has been disturbing the peace in our neighborhood. It would be appreciated if such activities could be restricted to less disruptive hours.,Community safety,4
"Street flooding has become a common occurrence during heavy rainfalls due to inadequate drainage, particularly on Elm Street. This needs to be addressed to prevent property damage and accidents.","Environment, planning, parks, cemeteries and waste",4
"The public library has significantly reduced the number of books in its physical collection, pushing for digital access that many older residents find difficult to use.","Sports, leisure and libraries",3
"There are frequent power outages in our area, which disrupt daily life and pose risks for residents dependent on electronic medical devices.",Housing,5
"Vandalism in public restrooms at city parks has increased, with facilities often left in a state of disrepair. Regular maintenance and surveillance could help mitigate this issue.","Environment, planning, parks, cemeteries and waste",4
"The condition of the footpaths around Lakeview is deteriorating, making it difficult for pedestrians, especially those with strollers or wheelchairs, to navigate safely.","Highways, traffic and parking",3
A lack of clear signage in the downtown parking lots has led to multiple instances of wrongful towing. Better signage would help avoid these misunderstandings.,"Highways, traffic and parking",3
Residents have not been properly informed about the toxic waste cleanup happening at the old factory site. Transparency regarding health risks and safety measures is crucial.,"Environment, planning, parks, cemeteries and waste",4
"The increase in fees for recreational facilities has prevented many families from using the swimming pool and gym, which were previously affordable community resources.","Sports, leisure and libraries",3
Delays in snow removal on major roads have led to several accidents and general commuter frustration during the winter months.,"Highways, traffic and parking",4
"The new zoning regulations are overly restrictive, preventing homeowners from making necessary improvements to their properties. A review of these regulations is requested.","Environment, planning, parks, cemeteries and waste",2
"The overgrown vegetation on public walking trails is not only unsightly but also obstructs visibility and movement, creating potential hazards.","Environment, planning, parks, cemeteries and waste",3
"An increase in the rat population has been noted in the public housing area on 5th Avenue, possibly due to inadequate garbage management.",Housing,4
Complaints about the inefficiency of the heating system in the community hall have been ignored. The current system is inadequate and needs an upgrade.,Housing,4
Unmaintained vacant lots in the city are becoming dumping grounds for garbage and are contributing to the degradation of our neighborhood's aesthetic.,"Environment, planning, parks, cemeteries and waste",3
The decision to cut down mature trees for the new road expansion has not been well received by the community. We request a reassessment to consider alternative solutions.,"Environment, planning, parks, cemeteries and waste",4
"Disruption caused by the annual festival was poorly managed this year, leading to traffic chaos and restricted access to homes and businesses.",Community safety,3
"Public consultations on the new water rates were not adequately advertised, leading to low turnout and insufficient community input.",Council Tax and benefits,2
"Recently installed CCTV cameras in the park do not seem to be operational. We need these for our safety, especially in the evenings.",Community safety,3
"The condition of the bus fleet servicing the city center route is poor, with many buses being dirty and some having broken seats.","Highways, traffic and parking",3
"Construction debris from the new development on Park Avenue has not been cleared for weeks, causing safety risks to pedestrians and motorists.","Highways, traffic and parking",3
"A shortage of bike racks in the downtown area discourages people from using bicycles for their daily commute, contrary to the city's policy promoting green transport.","Environment, planning, parks, cemeteries and waste",2
"Insufficient funding has led to the cancellation of the annual jazz festival, a major highlight for the community and a boost for local businesses.","Sports, leisure and libraries",3
"The recent rise in parking fees has made it prohibitive for residents to visit downtown shops, affecting local businesses negatively.",Business,3
"Stray cats have become a significant problem in our neighborhood, with no effective control measures in place to manage the population.",Community safety,3
Noise from the local train station has increased due to new schedules with more night trains. Residents nearby are suffering from sleep disturbances.,Housing,4
"Long wait times for permit approvals have stalled several home improvement projects in our community, causing frustration among homeowners.",Council Tax and benefits,2
"Community centers are lacking essential first aid equipment, which could be critical during organized events and emergencies.",Community safety,3
"The lack of proper maintenance of historical landmarks in our city is leading to their deterioration, which could mean a loss of our cultural heritage.","Environment, planning, parks, cemeteries and waste",3
"City buses are often overcrowded during peak hours, making commuting uncomfortable and discouraging public transport use.","Highways, traffic and parking",2
Homeless encampments near central business areas are growing without sufficient intervention or support to address the needs of the homeless.,Housing,4
"Traffic signals at multiple intersections are improperly timed, causing unnecessary delays and increasing frustration for drivers.","Highways, traffic and parking",3
Increased litter in public spaces like squares and parks has not been addressed despite repeated requests for more frequent cleaning services.,"Environment, planning, parks, cemeteries and waste",3
Poorly maintained public washrooms in city parks pose health risks and deter visitors from spending time in these communal spaces.,"Environment, planning, parks, cemeteries and waste",4
"Recent cuts to public school funding have resulted in larger class sizes and fewer resources, compromising the quality of education.",Children's services,4
"The installation of new water pipes in our district was completed months ago, but the roads have not been properly resurfaced, leaving dangerous conditions.","Highways, traffic and parking",4
"Residents have reported frequent disruptions in internet service provided by the city, impacting both homes and businesses.","Communications, customer services or committees",3
There is a growing concern over the lack of transparency in how municipal funds are being allocated and spent.,Council Tax and benefits,3
The removal of several bus routes has left many senior citizens without reliable transportation to essential services like grocery stores and clinics.,"Highways, traffic and parking",4
"City-planned tree planting initiatives have not been followed through, leaving many neighborhoods without the planned greenery.","Environment, planning, parks, cemeteries and waste",2
Old and inefficient lighting in public areas is leading to higher electricity costs and increased carbon footprint.,"Environment, planning, parks, cemeteries and waste",2
"Reports of aggressive dogs at the local park have been ignored, posing ongoing risks to children and other park users.",Community safety,4
Residents feel that the public consultation sessions for new development projects are just for show and do not actually influence decisions.,"Communications, customer services or committees",2
"Lack of funding has caused the postponement of the annual book fair, a key cultural event for the community.","Sports, leisure and libraries",3
Unregulated parking on residential streets is blocking driveways and creating access issues for emergency vehicles.,"Highways, traffic and parking",4
"The public gym facilities have outdated equipment that is frequently out of service, discouraging residents from leading a healthy lifestyle.","Sports, leisure and libraries",3
Overzealous ticketing for minor parking violations in downtown areas is deterring visitors and affecting local shops.,Business,3
"The community garden initiative has stalled due to lack of support from the local council, disappointing many residents who volunteered.","Environment, planning, parks, cemeteries and waste",2
"A significant number of streetlights in the Hillcrest neighborhood are not working, raising safety concerns among residents.","Highways, traffic and parking",4
"Residents are dissatisfied with the efficiency of the public transport system, particularly the cleanliness and punctuality of the service.","Highways, traffic and parking",3
Concerns about safety at the local train station have been raised due to poor lighting and lack of security personnel during the evening.,"Highways, traffic and parking",4
"Complaints about the conditions at the local animal shelter have been ignored, with reports of overcrowding and inadequate care.",Housing,4
Construction of the new bridge has been delayed multiple times without clear communication to the public about the reasons and expected completion date.,"Highways, traffic and parking",3
"Park benches in several city parks are in disrepair, with peeling paint and splintered wood, making them unusable.","Environment, planning, parks, cemeteries and waste",3
"The local farmers' market has been canceled indefinitely without explanation, leaving vendors and customers disappointed.",Business,3
"Residents of the downtown area complain about the noise from late-night bars and clubs, especially on weekends.",Community safety,4
"Inadequate drainage on city streets leads to standing water even after light rainfall, causing inconvenience and potential health issues.","Highways, traffic and parking",3
"Public feedback on city budget spending has been requested, but there are no accessible platforms for most residents to express their views.",Council Tax and benefits,2
"City workers have been striking for two weeks with no resolution in sight, leading to disruption in services like garbage collection and public transit.","Communications, customer services or committees",4
"Many city-run facilities are not compliant with current accessibility standards, causing difficulties for disabled residents.",Housing,4
The lack of adequate emergency exits in public buildings has been highlighted in recent safety audits but remains unaddressed.,Housing,5
"Residents have complained about the misuse of funds intended for road repairs, with no visible improvements to the roads.","Highways, traffic and parking",3
"Community feedback suggests that the recent public space renovations have prioritized aesthetics over functionality, leading to unusable features.","Environment, planning, parks, cemeteries and waste",2
Newly installed parking meters in residential areas are causing confusion due to a lack of clear instructions on their use.,"Highways, traffic and parking",2
Concerns have been raised about the environmental impact of a proposed new housing development near a local nature reserve.,"Environment, planning, parks, cemeteries and waste",4
"City hall has reduced the hours of operation, making it difficult for working residents to access services they need.",Council Tax and benefits,3
Local residents have expressed frustration over the frequent closures of the main library for private events.,"Sports, leisure and libraries",3
"Insufficient trash receptacles at public bus stops are leading to litter problems, particularly in the downtown area.","Highways, traffic and parking",2
"There are reports of frequent bullying incidents on city buses, with little intervention from drivers or authorities.","Highways, traffic and parking",4
"Local business owners are upset over the increase in business rates with little notice, affecting their financial planning.",Business,3
"The recent installation of traffic calming measures has been met with mixed reviews, with some residents finding them obtrusive.","Highways, traffic and parking",3
Public restrooms in city parks have been closed for renovations for over six months with no signs of progress.,"Environment, planning, parks, cemeteries and waste",3
"High school students have petitioned for a safe crossing near the school, but their requests have not been addressed.","Highways, traffic and parking",4
"Residents are concerned about the transparency of the bidding process for city contracts, suspecting favoritism and lack of openness.",Council Tax and benefits,3
"Recent changes to public health services have been implemented without sufficient public consultation, causing confusion and dissatisfaction among residents.",Housing,4
"Local artists have criticized the city for not providing adequate public spaces for performances and exhibitions, limiting cultural activities.","Sports, leisure and libraries",3
The lack of regular maintenance of hiking trails in the city's nature reserves has led to overgrown paths and lost signage.,"Environment, planning, parks, cemeteries and waste",3
"Residents have reported that the city's recycling program is inefficient and confusing, leading to low participation rates.","Environment, planning, parks, cemeteries and waste",3
Increased crime rates in the downtown area have not been addressed effectively by local law enforcement.,Community safety,4
Local school boards have been criticized for not adequately addressing parental concerns about school curriculum changes.,Children's services,3
"Numerous complaints about potholes on secondary roads have been ignored, leading to vehicle damage and growing resident frustration.","Highways, traffic and parking",4
"City council meetings have been scheduled during work hours, preventing most working residents from attending.","Communications, customer services or committees",2
"There has been a significant decrease in the variety of books available at the local library, particularly in non-English languages.","Sports, leisure and libraries",2
Excessive water wastage from poorly maintained public fountains and landscaping is a concern during the dry season.,"Environment, planning, parks, cemeteries and waste",3
"Residents have voiced concerns about the lack of diversity in local government representation, which does not reflect the community's demographic.",GLLaB (Greenwich Local Labour and Business),3
"Feedback mechanisms for reporting public transport issues are ineffective, with many reports going unanswered.","Highways, traffic and parking",3
Local regulations on pet ownership are outdated and do not address the needs of a growing number of pet owners in the city.,Community safety,2
"Construction noise from new developments is often exceeding permitted levels, affecting the quality of life for nearby residents.","Environment, planning, parks, cemeteries and waste",4
"The city's annual budget report is difficult to understand, lacking detailed explanations of expenditures and revenues.",Council Tax and benefits,2
"Residents near industrial areas have complained about noise and air pollution, but monitoring and enforcement seem inadequate.","Environment, planning, parks, cemeteries and waste",4
"Public parks have seen a decrease in maintenance staff, leading to unkempt lawns and facilities, diminishing their usability and safety.","Environment, planning, parks, cemeteries and waste",3
Concerns about the effectiveness of the city's emergency preparedness plans have been raised after several areas were poorly managed during recent natural disasters.,Housing,5
"Recent redevelopments in the city center have prioritized commercial interests over affordable housing, causing concerns about gentrification.",Housing,4
"Accessibility issues at public transportation hubs have not been adequately addressed, despite repeated requests from disabled citizens.","Highways, traffic and parking",4
The lack of public seating in downtown areas has been criticized by elderly residents and those with mobility issues.,"Environment, planning, parks, cemeteries and waste",2
"Flooding issues in older parts of the city have worsened, with inadequate infrastructure updates to address the problem.","Environment, planning, parks, cemeteries and waste",4
"City-funded youth programs have seen budget cuts, reducing the number of available activities and support for young people.",Children's services,4
"Residents have complained about the difficulty of navigating the city's official website, which has been redesigned without user feedback.","Communications, customer services or committees",2
"Local history museums have had their hours reduced, limiting access to cultural heritage for residents and tourists.","Sports, leisure and libraries",2
Complaints about parking enforcement in residential areas indicate a need for a review of current policies and fines.,"Highways, traffic and parking",3
"The city's initiative to increase green spaces has been slow to materialize, with few new areas being developed.","Environment, planning, parks, cemeteries and waste",2
"Inadequate lighting in community sports fields has discouraged evening activities and sports, affecting community health.","Sports, leisure and libraries",3
Delays in the processing of permits for new businesses have been a barrier to local economic development.,Business,3
Residents have expressed dissatisfaction with the level of consultation regarding new traffic management measures in residential areas.,"Highways, traffic and parking",3
Public dissatisfaction with the management of local festivals has led to lower attendance and reduced community engagement.,"Sports, leisure and libraries",2
"There have been numerous reports of inadequate heating in public school classrooms, affecting student comfort and learning.",Children's services,4
Rising crime rates in commercial districts have not been addressed by an increase in police presence or community safety measures.,Community safety,4
"Several public artworks have been damaged or defaced, with no plans announced for their restoration or protection.","Environment, planning, parks, cemeteries and waste",3
"Residents report that the new public Wi-Fi network is unreliable and slow, making it difficult to use in public spaces.","Communications, customer services or committees",2
"There have been repeated delays in the construction of a new public library, with no clear timeline for completion.","Sports, leisure and libraries",3
"Complaints about the inefficiency of local health clinics have been increasing, with reports of long wait times and poor service.",Housing,4
Residents are concerned about the environmental impact of a proposed landfill site near residential areas.,"Environment, planning, parks, cemeteries and waste",4
Ongoing issues with water quality in certain neighborhoods have prompted calls for more rigorous testing and transparency.,Housing,4
"Complaints about noise from local nightclubs have increased, with calls for better soundproofing and stricter closing hours.",Business,4
"There have been reports of public buses being overcrowded, particularly during peak hours, leading to calls for increased service.","Highways, traffic and parking",3
"The local government has been criticized for its slow response to flooding incidents, which have become more frequent.","Environment, planning, parks, cemeteries and waste",4
"Residents have voiced concerns about the lack of maintenance of roadside landscaping, which has become overgrown and unsightly.","Environment, planning, parks, cemeteries and waste",2
Complaints about the lack of transparency in municipal spending have led to calls for a public review of expenditures.,Council Tax and benefits,3
"Local schools have experienced a shortage of teachers, leading to larger class sizes and concerns about the quality of education.",Children's services,4
Delays in the repair of public fountains in city parks have been a source of frustration for residents and tourists alike.,"Environment, planning, parks, cemeteries and waste",2
"Business owners have complained about the lack of adequate parking in commercial areas, which they say is hurting their businesses.",Business,3
"There has been a notable lack of enforcement of parking regulations in downtown areas, leading to chaotic traffic conditions.","Highways, traffic and parking",3
"Residents have complained about frequent disruptions to electricity supply, which have not been adequately addressed by the city.",Housing,4
"Local residents have expressed frustration with the poor condition of roads in their neighborhood, which have been neglected for years.","Highways, traffic and parking",4
"Community members have voiced concerns about the decrease in patrols by local police, especially in areas with rising crime rates.",Community safety,4
"There has been a lack of action on reported issues of graffiti and vandalism in public spaces, leading to a deterioration of the local environment.",Community safety,3
"Parents have raised safety concerns about the lack of crosswalks near schools, which they say endangers children.","Highways, traffic and parking",5
"Complaints about the noise from construction sites have been ongoing, with residents calling for restrictions on operating hours.","Environment, planning, parks, cemeteries and waste",4
"There have been several reports of leaks in public buildings, which have caused damage and have not been promptly addressed.",Housing,3
"Residents have reported problems with the collection of recycling, which they say is often missed or mixed with general waste.","Environment, planning, parks, cemeteries and waste",3
"Local businesses have criticized the council for the high rates of business taxes, which they claim are stifling small enterprises.",Business,3
"Complaints about the lack of green spaces in urban areas have been growing, with residents asking for more parks and plantings.","Environment, planning, parks, cemeteries and waste",3
"There have been issues with the maintenance of public toilets in city parks, which are often dirty and sometimes non-functional.","Environment, planning, parks, cemeteries and waste",4
"Residents have been unhappy with the handling of noise complaints, particularly regarding late-night events in community centers.",Community safety,3
"Concerns about traffic congestion in residential areas have been raised, with residents requesting better traffic management solutions.","Highways, traffic and parking",3
"Local officials have been slow to address concerns about air quality, despite increasing complaints from residents in industrial areas.","Environment, planning, parks, cemeteries and waste",4
"Complaints about inadequate street lighting in certain neighborhoods have been ignored, leaving areas poorly lit and feeling unsafe.","Environment, planning, parks, cemeteries and waste",4
"Residents have complained about the poor maintenance of playgrounds, which are often unsafe for children to use.",Children's services,4
"Concerns have been raised about the cleanliness of local swimming pools, with residents complaining about water quality.","Sports, leisure and libraries",3
"Complaints about the operation of the local landfill site have been ongoing, with residents concerned about odors and pollution.","Environment, planning, parks, cemeteries and waste",4
"Local residents have expressed frustration with the city's public transportation system, particularly the reliability of bus services.","Highways, traffic and parking",3
"There have been repeated complaints about the condition of sidewalks in the city, which are often cracked and uneven.","Highways, traffic and parking",3
"Residents have reported issues with the city's waste management services, particularly the irregularity of garbage collection.","Environment, planning, parks, cemeteries and waste",3
"Complaints about the lack of facilities for teenagers in public parks have been raised, with calls for more youth-oriented amenities.",Children's services,3
Residents have voiced concerns about the lack of consultation regarding the development of new residential areas.,Housing,3
"Local historical sites have been neglected, leading to deterioration and loss of interest from tourists and residents.","Environment, planning, parks, cemeteries and waste",3
"There have been numerous reports of vandalism at local playgrounds, with equipment often damaged or destroyed.",Children's services,4
"Residents have complained about the lack of adequate parking at local shopping centers, which often leads to congestion.",Business,3
"Concerns have been raised about the effectiveness of the city's recycling program, with many items not being properly sorted.","Environment, planning, parks, cemeteries and waste",3
"Complaints about the noise from local nightclubs have been persistent, with residents requesting stricter noise controls.",Community safety,4
"There have been ongoing issues with flooding in several neighborhoods, which residents say have not been adequately addressed.","Environment, planning, parks, cemeteries and waste",4
"Concerns about the safety of pedestrian crossings near schools have been raised, with parents calling for better signage and lighting.","Highways, traffic and parking",4
"Residents have expressed dissatisfaction with the local library's limited hours, which they say restrict access to services.","Sports, leisure and libraries",2
"Complaints about the maintenance of public sports facilities have been frequent, with facilities often left in poor condition.","Sports, leisure and libraries",3
"There have been repeated issues with dog waste not being cleaned up in public areas, leading to unsanitary conditions.","Environment, planning, parks, cemeteries and waste",3
"Residents have voiced concerns about the lack of public seating areas in downtown districts, which limits the usability of these spaces.","Environment, planning, parks, cemeteries and waste",2
"Complaints about the timing of traffic lights in the city have been common, with many drivers finding the lights too slow or too fast.","Highways, traffic and parking",2
"There have been issues with the maintenance of historical monuments in the city, with many structures showing signs of neglect.","Environment, planning, parks, cemeteries and waste",3
"Concerns about the overuse of pesticides in public parks have been raised, with residents worried about environmental and health impacts.","Environment, planning, parks, cemeteries and waste",3
"Residents have complained about the lack of bike lanes in the city, which they say discourages cycling and increases traffic congestion.","Highways, traffic and parking",3
"Complaints about the lack of enforcement of parking regulations near schools have been ongoing, leading to dangerous conditions for students.","Highways, traffic and parking",4
"There have been numerous complaints about the noise from construction sites, particularly those near residential areas.","Environment, planning, parks, cemeteries and waste",4
"Residents have expressed concerns about the lack of green spaces in urban areas, with many areas having no access to parks.","Environment, planning, parks, cemeteries and waste",3
"Complaints about the conditions of local walking trails have been frequent, with many trails poorly maintained and unsafe.","Environment, planning, parks, cemeteries and waste",3
"Concerns about the availability of public toilets in the city have been raised, with many facilities closed or in poor condition.","Environment, planning, parks, cemeteries and waste",3
"There have been repeated complaints about the poor condition of roads in the city, with many streets full of potholes and cracks.","Highways, traffic and parking",4
"Residents have voiced concerns about the effectiveness of the city's stormwater management system, particularly in older neighborhoods.","Environment, planning, parks, cemeteries and waste",4
"Complaints about the maintenance of public gardens have been common, with many areas overgrown and neglected.","Environment, planning, parks, cemeteries and waste",3
"There have been concerns about the lack of public lighting in several neighborhoods, which residents say makes these areas unsafe at night.","Environment, planning, parks, cemeteries and waste",4
"Residents have reported problems with the city's waste disposal services, with garbage often not collected on schedule.","Environment, planning, parks, cemeteries and waste",3
"Complaints about the noise from local festivals have been persistent, with residents near the venues experiencing disruption.",Community safety,3
"There have been repeated issues with graffiti on public buildings, with local authorities slow to clean up the vandalism.",Community safety,3
"Residents have expressed frustration with the city's handling of traffic congestion, particularly in the downtown area.","Highways, traffic and parking",3
"Complaints about the lack of child-friendly facilities in public parks have been frequent, with parents calling for better playgrounds.",Children's services,3
"Concerns about the maintenance of local cemeteries have been raised, with many areas left untended and in poor condition.","Environment, planning, parks, cemeteries and waste",3
"Residents have voiced concerns about the lack of maintenance of public fountains, which are often dirty and not working.","Environment, planning, parks, cemeteries and waste",3
"Complaints about the conditions at local swimming pools have been ongoing, with many pools in need of cleaning and repair.","Sports, leisure and libraries",3
"Concerns about the overgrowth of vegetation along city streets have been raised, with the foliage obscuring traffic signs and lights.","Environment, planning, parks, cemeteries and waste",3
"There have been repeated complaints about the lack of enforcement of leash laws in public parks, leading to conflicts between pet owners.",Community safety,3
"Residents have complained about the poor condition of sidewalks in their neighborhood, which are cracked and uneven.","Highways, traffic and parking",3
"Complaints about the lack of green space in urban areas have been frequent, with residents requesting more parks and trees.","Environment, planning, parks, cemeteries and waste",3
Concerns about the noise from airport flight paths have been raised by residents living near the airport.,Community safety,3
"Residents have voiced frustrations with the city's public transportation system, particularly the unreliability of bus services.","Highways, traffic and parking",3
"There have been numerous complaints about the conditions of roads in the city, with many streets needing repaving.","Highways, traffic and parking",4
"Complaints about the lack of public benches in city parks have been frequent, with residents requesting more seating areas.","Environment, planning, parks, cemeteries and waste",2
"There have been concerns about the safety of pedestrian crossings near schools, with parents calling for better signage and enforcement.","Highways, traffic and parking",4
"Residents have expressed dissatisfaction with the city's waste management services, particularly the frequency of garbage collection.","Environment, planning, parks, cemeteries and waste",3
"Complaints about the lack of maintenance of public sports fields have been frequent, with facilities often left in poor condition.","Sports, leisure and libraries",3
"There have been repeated issues with dog waste in public parks, with many areas not having adequate disposal facilities.","Environment, planning, parks, cemeteries and waste",3
"Residents have voiced concerns about the lack of public seating in downtown areas, which limits the usability of these spaces.","Environment, planning, parks, cemeteries and waste",2
The paint on the benches at City Park is starting to chip. It's not urgent but could use a touch-up to keep the park looking nice.,"Environment, planning, parks, cemeteries and waste",1
Some of the informational signs at the local nature trail are faded. It's a minor issue but updating them would be helpful for visitors.,"Environment, planning, parks, cemeteries and waste",1
"The clock in the town square is running five minutes slow. Not a big issue, but it should eventually be synchronized.",Community safety,1
"There are a few loose cobblestones on Heritage Street. They're not currently a tripping hazard, but they might become one.","Highways, traffic and parking",1
"The water fountain at the entrance of the municipal building dribbles very slowly, making it inconvenient to use.","Sports, leisure and libraries",1
A street lamp on Maple Drive flickers occasionally. It's still working but might need to be looked at during routine maintenance.,"Highways, traffic and parking",1
The mural on the side of the library is looking a bit faded. It's still visible but could eventually use a fresh coat of paint.,"Sports, leisure and libraries",1
One of the swings at West Park squeaks when in use. It's not urgent but could use some oiling.,Children's services,1
The automatic door at the community center takes a few seconds longer to open. It's slightly inconvenient but not urgent.,"Sports, leisure and libraries",1
"There is a small crack in the sidewalk near the post office. It's not currently a hazard, just an eyesore.","Highways, traffic and parking",1
The public bulletin board outside City Hall is quite full. It might need another board or more space soon.,"Communications, customer services or committees",1
The vending machine on the second floor of the public library is out of bottled water. It's a minor inconvenience.,"Sports, leisure and libraries",1
A few parking lines in the city lot are starting to fade. They're still visible but could be repainted for clarity.,"Highways, traffic and parking",1
The bushes in front of the courthouse are overgrown. They're not obstructing the path but could use trimming.,"Environment, planning, parks, cemeteries and waste",1
"The lettering on the 'Welcome to Your Town' sign is starting to peel off. It's not urgent, but refurbishing it could enhance the town's image.","Communications, customer services or committees",1
The third floor restrooms in the city hall have a tap that runs a little slow. It's more of an annoyance than a problem.,Housing,1
There's a typo in the latest edition of the community newsletter. It's humorous rather than problematic.,"Communications, customer services or committees",1
"The decorative lighting along Main Street is not synchronized. While not urgent, syncing them up might improve the aesthetic.","Highways, traffic and parking",1
"The picnic tables at Riverside Park are stable but have some graffiti. It's not offensive, just unsightly.","Environment, planning, parks, cemeteries and waste",1
"The footpath lights near the soccer field are a bit dim. Not urgent, but brighter lights would improve evening visibility.","Sports, leisure and libraries",1
"Public Wi-Fi in the park disconnects occasionally. It's still usable, just slightly unreliable at times.","Communications, customer services or committees",1
"The elevator music in the municipal building is a bit loud. It's not a major issue, just slightly annoying for visitors.",Housing,1
"Some of the fitness equipment at the gym is outdated. It still works, but newer equipment would be better appreciated.","Sports, leisure and libraries",1
"The bike rack near the library is usually full. It's a sign of good use, but perhaps another rack could be added.","Highways, traffic and parking",1
"The community garden's tool shed lock is a bit rusty. It still locks, just harder to open.","Environment, planning, parks, cemeteries and waste",1
"The 'Dog Park Rules' sign is slightly obscured by a tree branch. It's still readable if you look closely, though.","Environment, planning, parks, cemeteries and waste",1
City hall's outer facade has a few minor cracks in the paint. They're cosmetic and do not affect the structure.,Housing,1
The local soccer field has some uneven spots on the grass. They do not affect gameplay but could be leveled.,"Sports, leisure and libraries",1
A gas leak has been reported near the community school. This is a critical safety hazard that needs immediate attention to prevent potential disasters.,Community safety,5
"The main bridge into town has developed large cracks after the recent storm, posing serious risks to all commuters. Urgent repairs are needed to ensure public safety.","Highways, traffic and parking",5
There's been a significant sewage overflow on Elm Street due to a blocked main drain. It's causing health hazards and needs to be addressed immediately.,"Environment, planning, parks, cemeteries and waste",5
"An electrical fire has damaged essential wiring in the public library, causing power outages and risk of further fires. Immediate repair and inspection are necessary.","Sports, leisure and libraries",5
"The heating system in the senior care facility has failed amidst extremely cold winter temperatures, posing severe health risks to residents. Immediate intervention is required.",Housing,5
"A large sinkhole has opened up on the main commuter route, causing major disruptions and potential danger to vehicles. Immediate action is required to prevent accidents.","Highways, traffic and parking",5
"The roof of the indoor market has partially collapsed after heavy rainfall, risking the safety of shoppers and vendors. Immediate structural assessment and repair are required.",Business,5
Contaminated water supply in the West End neighborhood has led to several residents falling ill. Immediate investigation and resolution are critical to prevent further health issues.,Housing,5
"Several aggressive stray dogs have been reported in the playground area, posing serious risks to children. Immediate animal control intervention is needed to ensure child safety.",Community safety,5
A fallen tree is blocking the emergency access route at the local hospital. Immediate removal is essential to ensure that emergency services are not hindered.,"Highways, traffic and parking",5
"I am deeply concerned about the recent cuts to adult social care services, particularly those affecting in-home care assessments. My mother has been on the waiting list for over a month with no updates, causing significant distress for our family. It's crucial that these services are promptly restored to prevent further impact on vulnerable residents.", "Adult social care", 4
"The introduction of new parking regulations has significantly decreased customer access to our local business, resulting in reduced foot traffic and potential loss of income. This change threatens the livelihood of small business owners and their employees in the area. Immediate action is needed to revise these regulations.", "Business", 3
"The playground equipment at the main community park has been broken for several weeks, presenting a severe injury risk to children. Despite previous complaints, there has been no action to repair the equipment. It is urgent that these facilities are maintained to ensure the safety of our children.", "Children's services", 5
"Recent break-ins and increased criminal activity in our neighborhood have left many residents feeling unsafe and vulnerable, especially after dark. We urgently need more police patrols and security measures to restore a sense of security and deter further incidents. Prompt attention to this matter is crucial.", "Community safety", 5
"I've encountered an error in my council tax calculation that seems to overcharge me significantly. Despite multiple attempts to contact the council by phone and email, I have received no response. It is imperative that this issue is resolved swiftly to avoid financial hardship for affected residents.", "Council Tax and benefits", 4
"The GLLaB job portal appears to be outdated and lacks relevant job postings for current market needs, making it difficult for job seekers to find suitable employment opportunities. It is important for the portal to be regularly updated to truly assist local residents in finding employment.", "GLLaB (Greenwich Local Labour and Business)", 2
"The heating system in our apartment complex has been broken for several weeks, leaving many residents without essential heating as colder weather approaches. This issue needs urgent attention to ensure that all residents can have a warm and safe living environment during the winter months.", "Housing", 5
"Many of the community centers in our area lack proper wheelchair accessibility, often due to blocked or poorly maintained ramps. This oversight restricts access for disabled residents and contradicts inclusivity efforts. Immediate improvements and regular maintenance are required to ensure accessibility for all.", "Adult social care", 3
"Several residents have reported that small business tax changes were not clearly communicated, causing confusion and potential financial penalties for unprepared businesses. It is essential for the council to provide clear, accessible information on tax regulations to ensure that all businesses can comply without undue hardship.", "Business", 4
"Parents in the northern part of the city are facing significant challenges due to the shortage of available childcare facilities, which impacts their ability to work and support their families. There is a critical need for the development of more childcare services to support working parents and promote economic stability in the community.", "Children's services", 4
"Increased vandalism at our local park has not only damaged property but also deterred residents from using the park, affecting community well-being. Implementing surveillance measures and increasing patrols can help mitigate this issue and restore the park as a safe, welcoming space for everyone.", "Community safety", 4
"I applied for housing benefits weeks ago and have not yet received any updates, which is causing financial stress. The efficiency of processing these applications must be improved to support residents in need promptly. Immediate attention to streamlining this process is critical.", "Council Tax and benefits", 4
"The resume-building workshop offered by GLLaB was poorly organized, started late, and provided outdated advice that does not meet current job market standards. Improving the quality and relevance of these workshops is essential to effectively support job seekers.", "GLLaB (Greenwich Local Labour and Business)", 3
"Public housing on Pine Street is in a state of neglect, with reports of mold and structural issues that have not been addressed. This poses health risks to residents and must be rectified immediately to provide safe living conditions.", "Housing", 5
"Caregiver support services have been reduced significantly, impacting families who rely on these services for elderly care. Reinstating these essential services is crucial to support the health and well-being of our elderly population and their caregivers.", "Adult social care", 5
"Business owners in the district have expressed frustration over the lack of support from local economic development programs. There is a pressing need for more robust support systems to help small businesses thrive, especially in challenging economic times.", "Business", 3
"Residents have reported multiple issues with the online job application system provided by GLLaB, including frequent crashes and outdated job listings. A comprehensive overhaul of the system is required to ensure it meets the needs of job seekers.", "GLLaB (Greenwich Local Labour and Business)", 3
"The local housing authority has been slow to respond to repair requests for leaking roofs and broken heating systems in multiple council housing properties. This delay is unacceptable, especially during the colder months, and must be addressed immediately.", "Housing", 5
"Residents have voiced concerns regarding the inefficiency of the current adult social care request system, which leads to delays and miscommunications. This system's inefficiencies are especially problematic given the aging population in our borough, who rely on timely and efficient care services. There is a critical need for a system overhaul to ensure that requests are processed efficiently and transparently. Streamlining this process will significantly improve service delivery and resident satisfaction.", "Adult social care", 5
"The recent rezoning proposals have raised substantial concerns among local business owners, who fear that increased commercial rates and changing traffic patterns might reduce customer visits. These changes could potentially lead to a downturn in local economic activity, affecting jobs and livelihoods. There needs to be a more thorough consultation process with affected parties to ensure that all voices are heard and that the economic impact is fully considered before implementation.", "Business", 3
"There has been an alarming increase in reports of bullying within several local schools, raising serious concerns about children's safety and well-being. The response from educational authorities has been slower than necessary, lacking robust intervention strategies. There needs to be an immediate review and strengthening of anti-bullying policies and support systems to ensure a safe learning environment for all students.", "Children's services", 5
"A recent upsurge in local crime rates, particularly related to theft and vandalism, has left many community members feeling unsafe and unprotected. The community urgently requests increased police presence and surveillance measures to deter criminal activity and improve safety. Additionally, implementing community outreach programs could help address the root causes of crime and foster a safer environment.", "Community safety", 5
"Several residents have expressed dissatisfaction with the process of applying for council tax relief, citing opaque criteria and inconsistent information provided by the council. This confusion can lead to missed opportunities for relief and unnecessary financial strain on households. Clarity and consistency in communication from the council are essential to ensure that all eligible residents can benefit from available relief measures.", "Council Tax and benefits", 2
"The GLLaB initiative has recently been criticized for not adequately matching job seekers with local business needs. The current mismatch suggests that the program's strategies may not be aligned with the local job market's realities. An evaluation and update of GLLaB's approach are necessary to ensure it effectively supports both job seekers and local businesses.", "GLLaB (Greenwich Local Labour and Business)", 2
"The quality of living in public housing has been a growing concern, with numerous reports of inadequate facilities and delayed maintenance requests. Residents feel neglected and frustrated by the slow response times and lack of effective solutions. There is an urgent need for systemic changes to improve the management and upkeep of public housing to ensure decent living conditions for all tenants.", "Housing", 5
"The council's recent initiative to enhance adult social care services is commendable; however, the implementation has been slower than anticipated. This slow progress has caused concern among families who rely on these services for their loved ones. Accelerating the implementation and ensuring the promised improvements are realized soon is necessary to meet community needs effectively.", "Adult social care", 3
"Local businesses have been experiencing minor disruptions due to ongoing street repairs. While the impact is currently manageable, prolonged disruptions could lead to more significant issues for these businesses. Early completion of the repairs and better communication about the schedule and progress can help minimize the impact on local businesses.", "Business", 1
"Local residents have expressed minor concerns over the aesthetic changes to the community center's exterior. The new color scheme is not as well-received as expected, although it does not affect the functionality of the facility. Feedback suggests that a more neutral color would be preferable, aligning with the community's general taste. Considering resident feedback for future refurbishments could improve community satisfaction.", "Community safety", 1
"Residents have expressed concerns about the noise levels from the new construction site on 5th Avenue. The work begins early in the morning and continues until late, disrupting the daily routines of those living nearby. A discussion with the construction company to revise the work hours could mitigate the impact on the community. Implementing noise barriers might also help reduce the disturbance.", "Community safety", 3
"The local fitness trail has become overgrown, which discourages community members from using the path for exercise and leisure. The trail's condition also poses minor safety risks due to obscured obstacles. Clearing the path and regular maintenance would greatly increase its use and ensure safety for all users. This upgrade is essential for promoting outdoor activities among residents.","Environment, planning, parks, cemeteries and waste",4
"Several streetlights in the downtown area have been out for over a month, creating dark spots that concern pedestrians and drivers alike. The lack of lighting not only raises safety issues but also contributes to a sense of neglect. Reporting and fixing these outages should be a priority to maintain safety and security in the neighborhood.","Highways, traffic and parking",4
"Local residents have reported an increase in stray animals, particularly dogs and cats, roaming the streets. This situation poses safety risks for both the animals and community members. Establishing a partnership with animal rescue organizations to address this issue could help safely capture and shelter these animals. Raising public awareness about responsible pet ownership is also needed.",Community safety,3
"The recent installation of playground equipment in Maple Park has been met with positive feedback, however, the lack of shaded areas has limited the usability during hot weather. Adding shelters or trees around the playground could provide relief from the sun and enhance enjoyment for families. This improvement would make the park a more welcoming place for visitors during all weather conditions.","Environment, planning, parks, cemeteries and waste",2
"Feedback from the community indicates that the new bus schedule has reduced the frequency of buses during peak hours, leading to overcrowded conditions and delays. Reviewing and adjusting the schedule to better align with commuter needs could improve public transport usage and satisfaction. Engaging with regular commuters to gather input could aid in creating a more effective timetable.","Highways, traffic and parking",3
"The municipal swimming pool's heating system is outdated and often fails, leading to closures of the facility during cold months. Upgrading this system is essential to ensure the pool can operate year-round, providing continuous recreational opportunities for residents. Funding for this upgrade should be considered a worthwhile investment in community health and activity.","Sports, leisure and libraries",4
"Concerns have been raised about the lack of adequate lighting in the river walk area, which has become a popular spot for evening strolls. The dimly lit path can be hazardous and deters people from using the space after dusk. Installing additional lights along the walkway would enhance safety and encourage more residents to enjoy this beautiful area during the evening hours.","Environment, planning, parks, cemeteries and waste",4
"The city's main library has experienced a significant increase in visitors, yet the number of staff members has not been adjusted to meet this demand. This has resulted in longer wait times and decreased user satisfaction. Hiring additional staff or optimizing task distribution among current employees could improve service efficiency and customer experience.","Sports, leisure and libraries",3
"Recent heavy rains have led to flooding on several local roads, disrupting traffic and posing danger to commuters. Implementing better drainage systems in these areas is crucial to prevent future flooding and ensure the safety of all road users. Community feedback suggests that this should be a top priority for the next council budget session.","Highways, traffic and parking",5
Local artisans have expressed interest in having more frequent craft fairs to showcase their work and engage with the community. Organizing monthly events could foster a vibrant local arts scene and attract more visitors to the area. Support from the council in terms of space and advertising could help make these fairs a regular and successful feature of community life.,Business,2
"The recent policy change in waste management has led to confusion among residents about recycling protocols. This has resulted in lower recycling rates and an increase in improperly sorted waste. Conducting community workshops and providing clear, accessible information could help residents understand and comply with the new recycling guidelines.","Environment, planning, parks, cemeteries and waste",3
An increase in car accidents at the intersection of Pine and Orchard streets has raised concerns about traffic light visibility and timing. An investigation into possible causes and subsequent adjustments to traffic control measures could significantly reduce the risk of accidents. Engaging traffic safety experts to review and recommend changes would be a prudent step.,"Highways, traffic and parking",4
Residents near the industrial area have complained about occasional unpleasant odors believed to be linked to recent factory activities. Conducting environmental quality tests to assess air pollution levels could address community concerns and ensure compliance with health regulations. Transparent communication of the findings and any actions taken is essential to maintain public trust.,"Environment, planning, parks, cemeteries and waste",3
"The city park's new art installations have become a focal point for community gatherings but have also attracted graffiti. Implementing surveillance cameras or scheduling more frequent patrols could help deter vandalism. Additionally, involving local artists in creating murals on designated walls might channel this creative energy more constructively.",Community safety,3
Recent data breaches in municipal systems have underscored the need for upgraded cybersecurity measures. Investing in modern security software and training staff on data protection protocols is imperative to safeguard resident information. This initiative would not only protect data but also reinforce public confidence in the city's digital services.,"Communications, customer services or committees",4
"Complaints about the noise and disruption caused by the annual festival have led to suggestions for relocating the event to a less residential area. While the festival is a beloved tradition, ensuring it does not negatively impact residents is important. A community consultation could help find a suitable new location that meets everyone's needs.",Community safety,2
"The aging public transportation vehicles have become less reliable, leading to delays and frequent breakdowns. Replacing or refurbishing these vehicles would improve service reliability and encourage more people to use public transport. This investment could significantly enhance the efficiency and appeal of public transit options.","Highways, traffic and parking",4
"The lack of public restrooms in the newly renovated downtown area has been criticized by shoppers and tourists alike. Installing well-maintained public restrooms would enhance the shopping experience and potentially increase the time visitors spend downtown, boosting local businesses.",Business,3
"The local historical museum's hours have been cut due to budget constraints, limiting access for school groups and tourists. Restoring funding to extend operating hours could enhance educational opportunities and increase visitor numbers, contributing positively to the community's cultural and economic vitality.","Sports, leisure and libraries",3
"The community garden's water fountain has a slow leak that does not affect its operation but results in slight water wastage. While this is not a pressing issue, planning a repair during the next routine maintenance could conserve water and prevent any future problems.","Environment, planning, parks, cemeteries and waste",1
"Several residents have noted that the new digital display board at the community center is slightly dimmer than expected. Although this does not hinder its functionality significantly, adjusting the brightness settings during the next update cycle could enhance visibility and usability.","Communications, customer services or committees",1
"The mural on Main Street was recently vandalized with graffiti, but it is minor and not very noticeable. While this is unfortunate, it's not urgent. Organizing a community cleanup event in the coming months could address this issue while fostering a sense of pride and ownership among residents.",Community safety,1
"The public library's new self-checkout machine has been occasionally slow to respond during peak hours. Since this causes only minor delays, it is not urgently concerning. Monitoring the system's performance over the next few weeks to gather more data before deciding on any upgrades might be sensible.","Sports, leisure and libraries",1
"A few park benches were installed with the backrest facing away from the scenic view, a slight oversight in design placement. While this doesn't disrupt park activities, reversing the direction of these benches during routine park maintenance could enhance the visitor experience.","Environment, planning, parks, cemeteries and waste",1
"The streetlight on Maple Avenue has been flickering for days, and it's making it difficult for residents to walk safely at night. Urgent repair is needed to ensure pedestrian safety. This issue has been persisting for too long, and it's affecting the quality of life in our neighborhood. We urge the council to prioritize this matter and resolve it promptly before it leads to any accidents or injuries.","Highways, traffic and parking",4
"The playground in our local park is in disrepair, with broken equipment and hazardous conditions. It's unsafe for children to play, and immediate attention is required to fix these issues. As concerned parents, we worry about the safety of our children and other kids who frequent the park. The broken swings and rusty slides pose significant risks, and we urge the authorities to take swift action to address these concerns before any accidents occur.","Environment, planning, parks, cemeteries and waste",5
"I've been trying to apply for council tax relief online, but the website keeps crashing. It's causing a lot of frustration and needs to be addressed as soon as possible. This isn't just an inconvenience; it's preventing eligible residents from accessing financial assistance they desperately need. With the economic challenges many of us are facing, it's imperative that the online system is functional and user-friendly to ensure equitable access to support.","Council Tax and benefits",5
"The streetlights in our neighborhood have been out for weeks, leaving the streets dark and unsafe. We urgently need repairs to ensure the safety of residents and reduce the risk of accidents. It's unnerving to walk home in the dark, especially for vulnerable individuals like the elderly and children. We implore the council to prioritize this issue and restore adequate lighting to our streets.","Highways, traffic and parking",5
"The recent increase in vandalism in our area is concerning. We need increased police presence to deter criminal activity and protect our community. Vandalism not only damages property but also instills fear and insecurity among residents. It's essential to address this issue swiftly to maintain the safety and well-being of our neighborhood.","Community safety",4
"The library hours have been significantly reduced, making it difficult for students like me to access resources. This needs to be addressed to support education in the community. Libraries are vital for academic success, providing access to books, computers, and study spaces. Reducing library hours limits opportunities for learning and research, particularly for those without alternative resources.","Sports, leisure and libraries",3
"I've been waiting for months for a response to my request for social care support for my elderly parent. The delay is unacceptable, and urgent action is needed. My parent requires assistance with daily activities, and the prolonged wait is putting additional strain on our family. It's imperative that the council expedites the processing of our request to ensure my parent receives the care they require.","Adult Social Care",5
"The recent changes to the recycling collection schedule have caused confusion, and many households are missing their collection dates. We need clear communication and a solution to this issue. Recycling is essential for environmental sustainability, and disruptions to the collection service hinder our efforts to reduce waste. It's crucial that the council addresses this matter promptly to maintain an effective recycling program in our community.","Environment, planning, parks, cemeteries and waste",3
"Business owners in the district have expressed frustration over the lack of support from local economic development programs. There is a pressing need for more robust support systems to help small businesses thrive, especially in challenging economic times. Small businesses are the backbone of our community, providing employment opportunities and contributing to local economies. It's imperative that the council listens to their concerns and takes proactive steps to assist them.","Business",3
"Several streetlights along Main Street are out, making it dangerous to walk at night. Urgent repairs are needed to ensure pedestrian safety. The poorly lit streets pose risks not only to pedestrians but also to drivers navigating through the area. We urge the council to prioritize the repair of these streetlights to prevent any potential accidents or incidents.","Highways, traffic and parking",5
"The waiting times for children's services appointments are excessively long, leaving families without necessary support. This needs immediate attention to protect the well-being of children in our community. Children are vulnerable and require timely interventions to address their needs and challenges. Prolonged waiting times for services can exacerbate existing issues and hinder their development and well-being.","Children's services",5
"The potholes on Elm Street are a hazard to drivers, causing damage to vehicles and posing a risk of accidents. It's essential to repair them promptly to ensure road safety. The potholes have been causing significant inconvenience and damage to vehicles passing through the area. We urge the council to prioritize road maintenance and address this issue to prevent any accidents or injuries.","Highways, traffic and parking",4
"I've been experiencing frequent power outages in my area, causing disruptions to daily life and work. It's crucial to address this issue promptly to avoid further inconvenience. The power outages disrupt household routines and affect productivity, particularly for those working from home. We urge the council to investigate the cause of these outages and take necessary measures to ensure a reliable power supply for residents.","Environment, planning, parks, cemeteries and waste",4
"The recent increase in littering in our local park is unacceptable. We need more frequent rubbish collection to maintain cleanliness and preserve the environment. The litter not only spoils the beauty of the park but also poses risks to wildlife and public health. It's imperative that the council implements measures to address this issue and educate the community on the importance of proper waste disposal.","Environment, planning, parks, cemeteries and waste",3
"Our local community center has been closed for maintenance for weeks, depriving residents of essential services and activities. Urgent action is needed to reopen it and resume services. The community center serves as a hub for social activities, education programs, and recreational events. Its closure has left a void in our community, impacting residents of all ages.","Community safety",4
"The recent changes to the bus routes have caused inconvenience for many residents, especially those who rely on public transportation. We need a review of the changes to improve accessibility and efficiency. Public transportation is a lifeline for many residents, providing access to essential services, employment, and education. It's essential that the council considers the needs of commuters and addresses any shortcomings in the bus route changes.","Highways, traffic and parking",3
"I've been trying to report a pothole on the council's website, but the form keeps giving errors. It's frustrating and needs to be fixed so residents can report issues effectively. The online reporting system is meant to streamline the process of addressing community concerns, but technical issues hinder its effectiveness. We urge the council to rectify these issues promptly to ensure residents can communicate their concerns efficiently.","Communications, customer services or committees",2
"The streetlights in my neighborhood are too dim, and it's unsafe to walk at night. Brighter lights are urgently needed to improve safety for residents. The inadequate lighting poses risks to pedestrians, particularly during the darker winter months. We request the council to prioritize the replacement of these dim streetlights to enhance safety in our community.","Highways, traffic and parking",5
"The recent reduction in funding for after-school programs has left many families without affordable childcare options. Urgent action is needed to restore funding and support working parents. After-school programs play a vital role in supporting working families by providing safe and enriching environments for children. The reduction in funding threatens to widen inequalities and leave vulnerable families without essential support.","Children's services",4
"I've been trying to contact the council regarding a housing issue, but I keep getting redirected to different departments. It's frustrating and urgent that I get assistance. The housing issue is causing significant stress and uncertainty, and I require prompt resolution to secure stable housing. We urge the council to streamline their communication channels and provide clearer guidance for residents seeking assistance.","Housing",4
"The recent closure of the local swimming pool for maintenance has disrupted community activities. Urgent action is needed to reopen the pool and resume services. The swimming pool is a valuable resource for residents of all ages, providing opportunities for recreation, exercise, and social interaction. Its closure has left a void in our community, impacting the physical and mental well-being of residents.","Sports, leisure and libraries",4
"The recent increase in noise pollution from construction sites in our neighborhood is disturbing. We need stricter regulations to mitigate the noise and protect residents' well-being. The incessant noise disrupts daily life and affects sleep quality, leading to increased stress and frustration among residents. It's imperative that the council takes measures to address this issue and enforce noise control measures effectively.","Environment, planning, parks, cemeteries and waste",3
"The recent increase in crime in our area is alarming. We need increased police patrols to ensure the safety of residents and deter criminal activity. Residents feel unsafe in their own neighborhoods, and the rise in crime has heightened anxiety and fear. It's crucial that the council takes proactive steps to address these security concerns and ensure the well-being of the community.","Community safety",4
"I've been trying to access my council tax account online, but the website is down. It's urgent that I make a payment, and I need assistance resolving this issue. The inability to access the online platform prevents me from fulfilling my financial obligations and may result in penalties. We request immediate action to restore functionality to the website and provide alternative means for residents to manage their council tax accounts.","Council Tax and benefits",3
"I've been experiencing frequent power outages in my neighborhood, causing disruptions to daily life. It's crucial to address this issue promptly to ensure residents' well-being. The power outages disrupt household routines and affect productivity, particularly for those working from home. We urge the council to investigate the cause of these outages and take necessary measures to ensure a reliable power supply for residents.","Environment, planning, parks, cemeteries and waste",4
"The server crash last night caused significant data loss for several key projects. We need to restore from backups immediately to prevent further disruption. This situation requires urgent attention to mitigate any long-term impacts on our operations. Immediate action will help minimize downtime and restore normalcy.", "IT and Infrastructure", 5
"There has been a noticeable decrease in water pressure throughout the building for the past two days. Residents are concerned as it affects daily activities such as cooking and hygiene. A prompt examination of the plumbing system is essential to resolve this issue before it escalates into a more serious problem.", "Facilities Management", 4
"The air conditioning unit on the third floor has stopped working, right in the middle of a heatwave. Employees have reported extreme discomfort, and it's starting to impact productivity. We need to address this issue urgently to provide a comfortable working environment and maintain staff well-being.", "Office Management", 4
"A recent review of our network security has revealed several potential vulnerabilities that could be exploited by external threats. It's crucial that we update our security protocols and conduct a thorough audit of our systems. This needs to be handled with urgency to protect our data and prevent potential breaches.", "Security", 5
"The new software installation has been repeatedly failing, which is causing delays in the workflow. The IT department has been notified but there has been no resolution yet. This issue needs to be prioritized to avoid further impact on productivity.", "Technology", 3
"Residents have reported multiple sightings of a large bear near the north campground. This poses a significant safety risk for campers and hikers in the area. Authorities need to be notified immediately and warning signs should be posted to alert the public about potential dangers.", "Public Safety", 5
"Our client has expressed dissatisfaction with the final draft of the project report, citing several inaccuracies and missing data. This feedback needs to be addressed immediately to maintain our professional relationship and ensure client satisfaction. A meeting has been scheduled for tomorrow morning to discuss the revisions.", "Client Relations", 4
"The elevator in the main lobby has been out of service for over a week. This has caused significant inconvenience for tenants, especially those with mobility issues. We need to expedite the repair work to avoid further complaints and potential legal issues.", "Building Maintenance", 4
"There is an ongoing issue with littering around the premises, which is affecting the aesthetic appeal and hygiene of our environment. We need to implement stricter waste management protocols and possibly increase the number of cleaning staff to handle this issue.", "Environmental Services", 3
"A pipeline in the industrial sector has been leaking chemical waste into nearby waterways. Immediate action is required to stop the leak and start cleanup operations. This is a critical environmental hazard that could have severe consequences for local wildlife and communities.", "Environmental Hazards", 5
"Although the waiting room chairs are still usable, many are beginning to show signs of wear. Replacing them isn't urgent but should be considered in the next quarter's budget.", "Facility Maintenance", 2
"The water cooler on the second floor has been out of service since last week. It's a minor inconvenience for staff who can use other sources for drinking water.", "Office Management", 1
"There is a broken window in the stairwell that was caused during the recent storms. This poses a security risk and could lead to further damage if not addressed soon.", "Building Maintenance", 4
"The air quality in the office has significantly deteriorated over the past month, likely due to the outdated HVAC system. Employees have reported increased allergies and discomfort, making this an urgent issue to address for health reasons.", "Office Management", 4
"The company's main website went down unexpectedly and needs to be restored as soon as possible. This is affecting online sales and customer access to our services.", "IT and Infrastructure", 5
"Several employees have noted that the parking lot lights do not turn on when it gets dark. While not immediately dangerous, it is a safety concern that should be fixed to prevent potential accidents or security issues.", "Facilities Management", 3
"A leak in the roof has been discovered recently in the archival storage room. Immediate action is required to prevent damage to sensitive documents and equipment.", "Building Maintenance", 5
"There have been some complaints about noise from the construction site adjacent to our office. It's annoying but not disrupting work; however, we should keep track of the situation in case it worsens.", "Community Relations", 2
"The printer on the third floor has been jamming more frequently, causing delays in document processing. This needs attention to improve efficiency but isn't critical yet.", "Office Management", 3
"Our coffee supplier has mistakenly sent decaf for the second time this month. While not urgent, this mix-up should be corrected before the next delivery to keep the office happy.", "Office Supplies", 1
"The security badge scanner at the back entrance is malfunctioning intermittently. It doesn't always allow entry, which could become a more significant issue if not addressed.", "Security", 3
"Feedback about the new lunch menu in the cafeteria has been overwhelmingly negative. Consideration should be given to revising the menu options based on employee preferences and feedback.", "Cafeteria Services", 2
"A recent IT security audit has identified several vulnerabilities that could potentially be exploited. Immediate measures are needed to update our systems and protect sensitive data.", "IT Security", 5
"Employee reports indicate that the temperature in the office fluctuates widely during the day. While this is uncomfortable, it's not critical and should be looked into during the next maintenance check.", "Facilities Management", 2
"The elevator servicing the upper floors has been operating slower than usual and sometimes stops between floors. It's not an emergency, but it should be inspected to prevent future breakdowns.", "Building Maintenance", 3
"The exterior signage of the building has faded over the years and is now hard to read from a distance. Refreshing the signage is recommended to maintain the building's professional appearance.", "Facilities Management", 2
"Reports have come in about a stray dog that has been seen in the parking area. While not directly harmful, the situation should be handled humanely to ensure the dog is safely relocated.", "Community Safety", 2
"There's been an increase in the number of spam emails received by the staff. It's bothersome and could lead to security risks if not filtered out properly.", "IT Management", 3
"The annual staff training on workplace safety has been postponed due to scheduling conflicts. Rescheduling it should be a priority, although it's not urgent.", "Human Resources", 2
